category	mode	git_blob_sha1	sha256	bytes	path
example	100644	79efd3260bd087f44e2d0e5f3e08ff434ac4dc60	5576c89ecc47837776c33005c76fed30b632b88564d2be4a4a46998dd7f0bebf	422	examples/projectkoios/applications/pw_dft_relaxation/README.md
example	100644	9869ce5b76162398068991226cca8e5dc612ac13	79e102a23723ceb02c7f4b3cc7f2b0aacfe1ee5aa2a0a31ac5e21c1b0ce13a07	902	examples/projectkoios/applications/pw_dft_relaxation/providers/quantumespresso/Si/primitive/execute_relaxation.py
example	100644	586ba5f8466f1115e6085b2b797fda4d903a2a4b	46e3843f31ac11ed6a64e3f6a838c2a4002803a085197aa31e4e4bd25b764ac8	689	examples/projectkoios/applications/pw_dft_scf/README.md
example	100644	e8362fcf3ceb971538d55cc85f150cb650387683	0f89ad920834e0544c9cb402e0181c5858dfb3f25176f650e9428a3cb4741aa3	579	examples/projectkoios/applications/pw_dft_scf/comparison/README.md
example	100644	7d4c408b5bcd2b330b646b9b757cdabe123d1dc8	d23236b21f0ae7b3987205bb813cd1dbaf5883fab649c42dba4564012512d508	501	examples/projectkoios/applications/pw_dft_scf/comparison/comparison.toml
example	100644	5c485926bb4a3bb496a04d44554b9171555eb780	457530092bac67bafeca2c944bb63137147e06f4b743d1786e3bf8fbcd674827	1149	examples/projectkoios/applications/pw_dft_scf/convergence/README.md
example	100644	9750ba508e0233d65c7f10167cd139caf9cf3747	837a18caad34c428826826a4e7de6d2af610fe08df0ef36b65be5a63936af11d	212	examples/projectkoios/applications/pw_dft_scf/convergence/joint/README.md
example	100644	fb1f6b345cbc14e651ed2570018b7cd5d5123a4d	f5daed03e2e5cf01fe42791054b7e9c9333086534847748cbf6f1f1826493292	308	examples/projectkoios/applications/pw_dft_scf/convergence/joint/comparison.toml
example	100644	a8f56622435646fb3a99956ffcdb52398b874eae	17cac6a00b7f0b6832b81b0d6080e45195ec5ce012c620ec91c5812ea762bbad	249	examples/projectkoios/applications/pw_dft_scf/convergence/kpoint/README.md
example	100644	18c71d4add87701492bc628cc75a102dd7163414	d2717655c9df4e4e4be4fd4ae43614b404a0c91d1748368fd0e61af4960b63c2	315	examples/projectkoios/applications/pw_dft_scf/convergence/kpoint/comparison.toml
example	100644	b2f9c598790f370e1b63f6d9c4b34eb5be52a7bd	d4065420895b168da3cee90fb58fb38a10247b608059dedd5dd6d461a2461f9f	202	examples/projectkoios/applications/pw_dft_scf/convergence/wavefunction_cutoff/README.md
example	100644	d692076ada4618de75a320516d40caa25ee6c637	e995cc122d6be78b3abf96f8d9b36886dc6e32d4ceef33948acdae0e6ce4e8e1	350	examples/projectkoios/applications/pw_dft_scf/convergence/wavefunction_cutoff/comparison.toml
example	100644	f5c0cce56734271d25854b00bf32b9b80ed0ab69	146e213c686cb1880946392540409c5eb09ed2e6f9dcd7d37a6e147898f2e8f0	1644	examples/projectkoios/applications/pw_dft_scf/input-alignment.md
example	100644	472e6a3dabfb01336205274300038ca6ca24dac2	0bfa1b61800cfd884a969e2cc8a3048860016a7cf44d96d4fc6acfd950fadbcd	392	examples/projectkoios/applications/pw_dft_scf/providers/quantumespresso/Si/primitive/campaign.toml
example	100644	edb91025c4317924db29878ef5eb5ceaa1d39785	307c21522f42d77ef5b204c563481c9cfd029833f095773b77817085392a82a9	325	examples/projectkoios/applications/pw_dft_scf/providers/quantumespresso/Si/primitive/convergence/charge_density_cutoff/README.md
example	100644	a0f33e5766e946387824c4e3bfe354b8d719c124	3d915cc7e22afd36afafde101670e71b4803cf96a6a5f9ec7e9a459f6478138d	164	examples/projectkoios/applications/pw_dft_scf/providers/quantumespresso/Si/primitive/convergence/joint/README.md
example	100644	07ea4d1dd29c3e51313fd20cdf74ffd57bef34c4	2b1a7b3b32771a38bddcba3938bc8f8d6820ff276104d3ab0251813a635dba14	348	examples/projectkoios/applications/pw_dft_scf/providers/quantumespresso/Si/primitive/convergence/joint/campaign.toml
example	100644	5050927645f350026a5ffbfdd1a8bd3e487d85bb	982e605d38540a012c469e6184f73641c94f711a180aaadbe848684597d861e4	720	examples/projectkoios/applications/pw_dft_scf/providers/quantumespresso/Si/primitive/convergence/joint/replay.py
example	100644	546214df299427dcad96beacfce1459b935cf845	6293ff671d5026787add58c463f1dd5eee2eb207099971c90927aa1d6f35e8da	248	examples/projectkoios/applications/pw_dft_scf/providers/quantumespresso/Si/primitive/convergence/kpoint/README.md
example	100644	c1ac4c2374fb57a8bd1fafd35e61a6f44f6a5d64	0bf98f1b8a0da49a62d24c874b0da0a27f27e6ee2a68b37f044455960d9bb130	346	examples/projectkoios/applications/pw_dft_scf/providers/quantumespresso/Si/primitive/convergence/kpoint/campaign.toml
example	100644	09dca3452d1e9e611a511b9193d93651845466e4	25829eebd7c921ae91f7c7852b4bc2858d9f88bc6c27c2aa1f2f95ee0eca7ac0	251	examples/projectkoios/applications/pw_dft_scf/providers/quantumespresso/Si/primitive/convergence/wavefunction_cutoff/README.md
example	100644	6e8a34dd48aa20be7cca08c018475e2bbecca2ad	a3189c31bf946ec5646221fb3a8932a072ea385dcd729c275054d028c0a49363	341	examples/projectkoios/applications/pw_dft_scf/providers/quantumespresso/Si/primitive/convergence/wavefunction_cutoff/campaign.toml
example	100644	6e83532fcde923909053b92ed02df61d978746ee	7b52ba1a0e93c80fc4488ff63b87e7d35ad4c3e6e6a19e4e9d1eb0b0f02ed81a	383	examples/projectkoios/applications/pw_dft_scf/providers/vasp/Si/primitive/campaign.toml
example	100644	e8626e8ed6a442a0abbfe7f399f211cfb28465bb	ccd193a0d6623e58e830a7b3780c7e3cfcb4d0038f884bb9733ca809edac12e6	151	examples/projectkoios/applications/pw_dft_scf/providers/vasp/Si/primitive/convergence/joint/README.md
example	100644	57a0c96c0d0e50797929c80e9b172f57de39f0d3	560b63cda5dd54ddbee9aa5c474505a7807d304b32164bcdf64bfaef19cb6a02	331	examples/projectkoios/applications/pw_dft_scf/providers/vasp/Si/primitive/convergence/joint/campaign.toml
example	100644	76ff2883f252a4163e2d26690535e8ab02b52302	706cfcb62d5f25df50e2aadc4e4a0232b8c83716892b9a013696524222c63052	251	examples/projectkoios/applications/pw_dft_scf/providers/vasp/Si/primitive/convergence/kpoint/README.md
example	100644	70b46512c60dc68252aa04569b0661a977121a4c	85e890b849113853108285aa5a9bb6a19f6331e712617860a74546997c04bc22	329	examples/projectkoios/applications/pw_dft_scf/providers/vasp/Si/primitive/convergence/kpoint/campaign.toml
example	100644	5f540029e83636efd54f1a0c79f3d8ebbc5dc751	3de1d4c5cc7af729aad535c30a4cc4ede823216bcc83c8b2d42a91af106e7fff	233	examples/projectkoios/applications/pw_dft_scf/providers/vasp/Si/primitive/convergence/wavefunction_cutoff/README.md
example	100644	6343b3a0880479e220e7f42f6755856b740ec2fa	cb76e98ed0e84903eab1dae60e226449d2ceb59ae5c836bcc2fb78e6452e320c	324	examples/projectkoios/applications/pw_dft_scf/providers/vasp/Si/primitive/convergence/wavefunction_cutoff/campaign.toml
example	100644	911627cc31a341282f922548cee08eb29f32666c	620a0033aed70fb0ab9831e4aaa9b06d0bc82067bf685c79cc05b2fa146df338	1128	examples/projectkoios/applications/pw_dft_scf/runner/README.md
example	100644	6db7de69a91af2f8aba94bf33382ec136b1af498	5974b67b3e9cc3a158fa985c1dfb6d4a23f774238122a241bab7941622612174	8359	examples/projectkoios/applications/pw_dft_scf/runner/compare_convergence.py
example	100644	0ac89c515c4bc16eecdc92e7e83bf84df2d09af7	ff293d25490dae713ed4e015fb9865f2a541bdf07a4c7f094f0b0463cff5f05d	7782	examples/projectkoios/applications/pw_dft_scf/runner/compare_single.py
example	100644	b1ef6eb91ee4bd1e9219d792b023affb2706b7c1	a227d275d59b2f656a5e2f8d84cd9637ea0e43fa032075eb5a01a5584110775f	604	examples/projectkoios/applications/pw_dft_scf/runner/config/README.md
example	100644	921f7fdfb889f66dfe3cd73ef1d73003049681e8	e6c6124ce439f2244354b9b1ae1090500d1cce828f5176f62eb77f59ae09ab22	1520	examples/projectkoios/applications/pw_dft_scf/runner/config/catalog.toml
example	100644	e7061dd3bb270c03270da831e8e0bc4fe08b7600	3b67009a43f9167e1f963715c779ea49782889b1966cc5f1c80e6a516c2f7e86	94	examples/projectkoios/applications/pw_dft_scf/runner/config/runner.toml
example	100644	920877ce1f054df1c7222098667465df014a9b23	77c1c2b9bf7adb4431c7b6531eb3d3d5a3ab0362d37f5a25da59d3b390493fd9	16649	examples/projectkoios/applications/pw_dft_scf/runner/configuration.py
example	100644	f3f279b9501d05ba44d122b33404c761c7201d5c	be31da4f8487823093676c7b2f8da61cebe2017747cc4e316daa23d855625960	3349	examples/projectkoios/applications/pw_dft_scf/runner/environment.py
example	100644	c4bf5e20d845220daf5504d3bc41b1edc49d6fee	9d68f85bb50c29b5e82eb3b41f590a72b20ae9deefcb6f8323596d86695eeca2	2626	examples/projectkoios/applications/pw_dft_scf/runner/plan.py
example	100644	88301b77e8de98736fb37cc7a48aebd586058245	f3c6bce5ec1b856a774f1750bb9f8d8321086e3118da61a04de5a76eda17cb7a	7810	examples/projectkoios/applications/pw_dft_scf/runner/plot_structure.py
example	100644	f3e0925e432d066047b5fe1533f8a001a7d7fa3d	701d356f0dcd6c67af4a9904cb31c0800a2cf4d8dae18aa62bd436cf1fe45f96	4248	examples/projectkoios/applications/pw_dft_scf/runner/render_inputs.py
example	100644	84e1c053d84f2f8c8ff3dd083a3e8b3349f037a2	0abd0e01db2f1c4e19a7db448e4bd47e459f1dc4e2660628f679f599d8d421ce	5123	examples/projectkoios/applications/pw_dft_scf/runner/replay.py
example	100644	454ae173abe21473563af930333b19ac0345652b	9bf5e3175325b86ed5a4db4eeb40d7de9b63970e71e137def11a5a2769e47b0c	1446	examples/projectkoios/applications/pw_dft_scf/scf-example.md
example	100644	7a25f3a18f3e26a9d602abeff502dcb8b4620609	42c13015780eec3f790e20f46e25884fb6f6fffff429be122b6314fbef6db774	985	examples/projectkoios/applications/pw_dft_scf/support/README.md
example	100644	c87cdce707d47fb2b47c736302ba8c8e3732aab4	7234da35eed6aa47cb864f5eabd19150137a7ecc1a1b0829a39f9070a99dfa82	1796	examples/projectkoios/applications/pw_dft_scf/support/structure_repository.py
example	100644	57772d7e3234e528159c0d767f96fb19833afeb0	e34066dbfcbdc187014256731774a4115674a1f1b6286da5729ad4298b0f4f5e	1367	examples/projectkoios/applications/pw_dft_scf/support/structures/Si.ConventionalUnitCell.json
example	100644	40d1788c48e37b0b487a54701daa14eb5bf55580	6e048c7001f329459e85f321e7bd406f4dd871d6fabf8d12fa349a1623f87ccc	680	examples/projectkoios/applications/pw_dft_scf/support/structures/Si.PrimitiveUnitCell.json
example	100644	7ca06a30b54488c526282711a3197c3a1980805a	e488562f919f1779232dd6fd3543dc4e4c13fecc82a173188d578f12ea86c4b7	70	examples/projectkoios/applications/pw_dft_scf/workflow/__init__.py
example	100644	7d6600ba8cbf0b079871d8c325b352bbf22d6afd	4d580f686382851b32fccfbb7aa775782e3c44daf9e6efcf6d1cd95ca9d2d563	7173	examples/projectkoios/applications/pw_dft_scf/workflow/net.py
example	100644	efa25a3d446009f1f5051e490e84c2cfbe8eecf5	97c4703b144c4204d3a6e9f5801776b909a51ca68b4c634ba5784b725b863d09	1846	examples/projectkoios/applications/pw_dft_scf/workflow/runtime.py
example	100644	bfa2e5aa8329507a2563acf1d385e51b252e7221	613a66aaab4221b8ecaebf686e5f28c5f27086a6134b24db926bc096f3a3cd69	3729	examples/projectkoios/applications/pw_dft_scf/workflow/workflow.py
test	100644	e743f681222b03ad73764d9b3c716912d9cf0f90	f445e764866a658e8d09ebd266a8aef65a727504346b8fa6fc649d99684b6e71	2233	tests/examples/projectkoios/applications/pw_dft_relaxation/providers/quantumespresso/test__composition.py
test	100644	e4389c1c82d27999d8d8d12290e3942e8500ac1f	6dc54df5443286b3bcd3726fee078d30a230eedc587a524ea6b9654e8d769db9	8646	tests/examples/projectkoios/applications/pw_dft_scf/runner/test__InputProjectionRunner.py
test	100644	f28fec093cf45d7c51b7505f6d8d7aea3405d20a	911fac0bb5691cc71090814c2acc458161c93ac62633a41388bef7966e1d2d76	1990	tests/examples/projectkoios/applications/pw_dft_scf/workflow/test__LocalPwDftScfWorkflow.py
test-resource	100644	0bc6c3cbd6a7127b48a11861f8743ceb64f61145	bfc9f867474c86d20359a23563cf3d6277928bcf435a126357fd2bdc4732f57e	17401	tests/fixtures/pw_dft_scf/campaign-projections.json
test-support	100644	4401303c53c081954f4d266b669f3e816d56caef	ebe812ea7673ff6b8ba9f3210de329e36e9f52c32e240a4d5cb864f4a000f1c5	3777	tests/support/exact_provider_graph_probe.py
