status_vs_main	main_blob_sha1	replay_blob_sha1	replay_sha256	replay_bytes	path
A	-	ac3b336c06777764d4842046c08628ed1a162606	ce4f993507e20aea1bcbb1450a9c6da358a589e3f60d831bc47b34088140c188	688	docs/architecture/projectkoios/applications/pw_dft_scf/convergence/replay/index.md
M	0c817b7d4dc968e56a67c25e5696ab8e8ce1618c	3526659b8b1e2622413481f8b439d862609fe9c4	64b9b76129665b0f560a2f6368e1bd44c0f32181e49dfc6aeccad7023b491791	1347	docs/architecture/projectkoios/applications/pw_dft_scf/index.md
D	ee0fc22026e21b63101f163064c8003ca0c36386	-	-	-	docs/architecture/projectkoios/applications/pw_dft_scf/replay/index.md
M	5050927645f350026a5ffbfdd1a8bd3e487d85bb	b574a95b9adf2c945e076bc4e183b92437880442	039ebc13bfc6b82ccc5acdd872d4fbb7754677ccc75d56c5c04af648444d8fd1	1098	examples/projectkoios/applications/pw_dft_scf/providers/quantumespresso/Si/primitive/convergence/joint/replay.py
A	-	a585644059490d467ac362e04560ce248e5230b3	b31d6bcbb460c7a56bc23d45b736151bdeb91a7b471d51875589a6a64e3130ec	63	src/python/projectkoios/applications/pw_dft_scf/convergence/replay/__init__.py
A	-	2990ffda76ef41352f469cd08931b5085fb554f4	00005aa21a8d46977b6f20aa3e54023b6d333cc4bbf2800502371a1a3e0f651d	3624	src/python/projectkoios/applications/pw_dft_scf/convergence/replay/action.py
A	-	f46f69ff44adf5cef4a9eab8186338e80a4324de	23457e3d6b6317365dba3eeae680c4d6f1e6f1c40bd56e31d2426668b0f9b0dd	164	src/python/projectkoios/applications/pw_dft_scf/convergence/replay/error.py
A	-	0fdce90495488501b24437527c3f7c1a14c6cb10	63abec830467c28d62d59f0b9b05e97422664dc90be24befb64da17a36b45028	2705	src/python/projectkoios/applications/pw_dft_scf/convergence/replay/evidence.py
A	-	8c591e03fa909a890c712bb4a3f3e93de3dea9d5	620a58127f386d31bba784abd3cd87748050fa10d67444007f92548f4e06bae8	220	src/python/projectkoios/applications/pw_dft_scf/convergence/replay/identity.py
A	-	5a9c4cae4998a167df3caeff5ec1b3bb8d148155	cc10707aa6aa8ebb53224a6c74f065302616342e322667ffa31d7bc871b73a85	1150	src/python/projectkoios/applications/pw_dft_scf/convergence/replay/request.py
A	-	365826046dfbfd5bda17f7a012c6c5dd6bac4dda	35e41a097f7bc1bc4e3221607fe08e7ac1c05a28142ef2c3d91d0bcd4c4a2a06	3022	src/python/projectkoios/applications/pw_dft_scf/convergence/replay/result.py
D	1556822ba5289277b794ae1e89898479d25512df	-	-	-	src/python/projectkoios/applications/pw_dft_scf/replay.py
M	f1f345bf6811d4e1d4978b88660eb9d52a646706	c89073853ed15721ba9c99b202bfaacc57706bcc	b2ea26b96a30043d5e68c576124bdd228586c3adf67b287c46efd3831fcefeaa	45948	tests/fixtures/artifacts/sdist-inventory.txt
A	-	d3a9dcce0a6161e1642920154ae91dcf5350a1f2	f519fdc53ea96fdfcdb2ee162d4ccc583824d5c706c945fa6f52784e39203d2e	6316	tests/projectkoios/applications/pw_dft_scf/replay/test__PwDftScfConvergenceReplayActionizer.py
D	ead3a2a0bd0faf3f58ee6db422305c28b1ef909c	-	-	-	tests/projectkoios/applications/pw_dft_scf/replay/test__PwDftScfConvergenceReplayer.py
M	bf85ce16175ea3c707dd29e1f49b99bf7eeb9907	e7173e7b365bfac3be5141fbfd1a74dfd6eacd0f	f2f8b9695458f593c6886ce54266c8e8de48082dcd19bd622329ef8fdb6dc58f	5861	tests/projectkoios/applications/pw_dft_scf/replay/test__retained_qe_evidence.py
M	254a466752f60b5e168a2312f7d8c2969e4db55b	8cf3b6fd346fc30847b4a1f672e6919c93061f73	56ba84f8d401cc7ca9a902622e21e98c8db9e7d2aee287d886149751116e78d6	14823	tests/repository/test__build_artifacts.py
